{"cameraMode":{"drawMode":0,"name":"Shaded","section":"Shading Mode"},"sceneLighting":true,"audioPlay":false,"sceneViewState":{"showFog":true,"showMaterialUpdate":false,"showSkybox":true,"showFlares":true,"showImageEffects":true,"showParticleSystems":true},"in2DMode":false,"pivot":{"x":-0.005712032318115234,"y":0.43512630462646487,"z":-0.27787351608276369},"rotation":{"x":-0.0762183889746666,"y":0.9082657098770142,"z":-0.1896146684885025,"w":-0.3650912642478943},"size":7.629400253295898,"orthographic":false}